pump_outlet_Pa,expander_outlet_Pa,expander_eff,heater_outlet_K,Q_in_kW,W_pump_kW,W_exp_kW,Q_out_kW,net_kW,thermal_eff
1800000,500000,0.70,373.15,405.5985,2.77874,36.3651,372.0242,33.5864,0.08281
1800000,500000,0.75,373.15,405.5985,2.77874,38.9627,369.4267,36.1839,0.08921
1800000,500000,0.80,373.15,405.5985,2.77874,41.5602,366.8292,38.7814,0.09562
1800000,500000,0.85,373.15,405.5985,2.77874,44.1577,364.2317,41.3789,0.10202
1800000,500000,0.90,373.15,405.5985,2.77874,46.7552,361.6342,43.9764,0.10842
1800000,550000,0.70,373.15,405.5985,2.77874,33.5639,374.8195,30.7852,0.07590
1800000,550000,0.75,373.15,405.5985,2.77874,35.9613,372.4221,33.1826,0.08181
1800000,550000,0.80,373.15,405.5985,2.77874,38.3587,370.0247,35.5800,0.08772
1800000,550000,0.85,373.15,405.5985,2.77874,40.7562,367.6273,37.9774,0.09363
1800000,550000,0.90,373.15,405.5985,2.77874,43.1536,365.2298,40.3748,0.09954
1800000,600000,0.70,373.15,405.5985,2.77874,31.0092,377.3680,28.2305,0.06960
1800000,600000,0.75,373.15,405.5985,2.77874,33.2242,375.1530,30.4455,0.07506
1800000,600000,0.80,373.15,405.5985,2.77874,35.4391,372.9381,32.6604,0.08052
1800000,600000,0.85,373.15,405.5985,2.77874,37.6541,370.7232,34.8753,0.08598
1800000,600000,0.90,373.15,405.5985,2.77874,39.8690,368.5082,37.0903,0.09145
1800000,650000,0.70,373.15,405.5985,2.77874,28.6631,379.7078,25.8843,0.06382
1800000,650000,0.75,373.15,405.5985,2.77874,30.7104,377.6604,27.9317,0.06887
1800000,650000,0.80,373.15,405.5985,2.77874,32.7578,375.6130,29.9791,0.07391
1800000,650000,0.85,373.15,405.5985,2.77874,34.8052,373.5657,32.0264,0.07896
1800000,650000,0.90,373.15,405.5985,2.77874,36.8525,371.5183,34.0738,0.08401
1800000,700000,0.70,373.15,405.5985,2.77874,26.4956,381.8687,23.7168,0.05847
1800000,700000,0.75,373.15,405.5985,2.77874,28.3881,379.9761,25.6094,0.06314
1800000,700000,0.80,373.15,405.5985,2.77874,30.2807,378.0836,27.5019,0.06781
1800000,700000,0.85,373.15,405.5985,2.77874,32.1732,376.1911,29.3945,0.07247
1800000,700000,0.90,373.15,405.5985,2.77874,34.0657,374.2985,31.2870,0.07714
1800000,500000,0.70,383.15,430.0424,2.77874,38.3794,394.4539,35.6007,0.08278
1800000,500000,0.75,383.15,430.0424,2.77874,41.1208,391.7125,38.3421,0.08916
1800000,500000,0.80,383.15,430.0424,2.77874,43.8622,388.9711,41.0835,0.09553
1800000,500000,0.85,383.15,430.0424,2.77874,46.6036,386.2297,43.8249,0.10191
1800000,500000,0.90,383.15,430.0424,2.77874,49.3450,383.4884,46.5662,0.10828
1800000,550000,0.70,383.15,430.0424,2.77874,35.4487,397.3786,32.6700,0.07597
1800000,550000,0.75,383.15,430.0424,2.77874,37.9808,394.8466,35.2020,0.08186
1800000,550000,0.80,383.15,430.0424,2.77874,40.5128,392.3145,37.7341,0.08775
1800000,550000,0.85,383.15,430.0424,2.77874,43.0449,389.7825,40.2661,0.09363
1800000,550000,0.90,383.15,430.0424,2.77874,45.5769,387.2504,42.7982,0.09952
1800000,600000,0.70,383.15,430.0424,2.77874,32.7741,400.0471,29.9954,0.06975
1800000,600000,0.75,383.15,430.0424,2.77874,35.1151,397.7060,32.3364,0.07519
1800000,600000,0.80,383.15,430.0424,2.77874,37.4561,395.3650,34.6774,0.08064
1800000,600000,0.85,383.15,430.0424,2.77874,39.7971,393.0240,37.0184,0.08608
1800000,600000,0.90,383.15,430.0424,2.77874,42.1382,390.6830,39.3594,0.09152
1800000,650000,0.70,383.15,430.0424,2.77874,30.3160,402.4988,27.5372,0.06403
1800000,650000,0.75,383.15,430.0424,2.77874,32.4814,400.3334,29.7027,0.06907
1800000,650000,0.80,383.15,430.0424,2.77874,34.6468,398.1680,31.8681,0.07410
1800000,650000,0.85,383.15,430.0424,2.77874,36.8123,396.0025,34.0335,0.07914
1800000,650000,0.90,383.15,430.0424,2.77874,38.9777,393.8371,36.1989,0.08418
1800000,700000,0.70,383.15,430.0424,2.77874,28.0433,404.7649,25.2645,0.05875
1800000,700000,0.75,383.15,430.0424,2.77874,30.0464,402.7618,27.2676,0.06341
1800000,700000,0.80,383.15,430.0424,2.77874,32.0495,400.7587,29.2707,0.06806
1800000,700000,0.85,383.15,430.0424,2.77874,34.0526,398.7556,31.2738,0.07272
1800000,700000,0.90,383.15,430.0424,2.77874,36.0556,396.7525,33.2769,0.07738
1800000,500000,0.70,393.15,454.2351,2.77874,40.2783,416.7477,37.4995,0.08256
1800000,500000,0.75,393.15,454.2351,2.77874,43.1553,413.8707,40.3766,0.08889
1800000,500000,0.80,393.15,454.2351,2.77874,46.0323,410.9937,43.2536,0.09522
1800000,500000,0.85,393.15,454.2351,2.77874,48.9093,408.1166,46.1306,0.10156
1800000,500000,0.90,393.15,454.2351,2.77874,51.7864,405.2396,49.0076,0.10789
1800000,550000,0.70,393.15,454.2351,2.77874,37.2237,419.7964,34.4449,0.07583
1800000,550000,0.75,393.15,454.2351,2.77874,39.8825,417.1375,37.1038,0.08168
1800000,550000,0.80,393.15,454.2351,2.77874,42.5413,414.4787,39.7626,0.08754
1800000,550000,0.85,393.15,454.2351,2.77874,45.2002,411.8199,42.4214,0.09339
1800000,550000,0.90,393.15,454.2351,2.77874,47.8590,409.1610,45.0802,0.09924
1800000,600000,0.70,393.15,454.2351,2.77874,34.4344,422.5795,31.6556,0.06969
1800000,600000,0.75,393.15,454.2351,2.77874,36.8940,420.1199,34.1152,0.07510
1800000,600000,0.80,393.15,454.2351,2.77874,39.3536,417.6603,36.5748,0.08052
1800000,600000,0.85,393.15,454.2351,2.77874,41.8132,415.2007,39.0344,0.08593
1800000,600000,0.90,393.15,454.2351,2.77874,44.2728,412.7411,41.4940,0.09135
1800000,650000,0.70,393.15,454.2351,2.77874,31.8693,425.1381,29.0906,0.06404
1800000,650000,0.75,393.15,454.2351,2.77874,34.1457,422.8618,31.3670,0.06905
1800000,650000,0.80,393.15,454.2351,2.77874,36.4221,420.5854,33.6433,0.07407
1800000,650000,0.85,393.15,454.2351,2.77874,38.6984,418.3090,35.9197,0.07908
1800000,650000,0.90,393.15,454.2351,2.77874,40.9748,416.0326,38.1961,0.08409
1800000,700000,0.70,393.15,454.2351,2.77874,29.4963,427.5046,26.7176,0.05882
1800000,700000,0.75,393.15,454.2351,2.77874,31.6032,425.3977,28.8244,0.06346
1800000,700000,0.80,393.15,454.2351,2.77874,33.7100,423.2908,30.9313,0.06810
1800000,700000,0.85,393.15,454.2351,2.77874,35.8169,421.1839,33.0382,0.07273
1800000,700000,0.90,393.15,454.2351,2.77874,37.9238,419.0770,35.1451,0.07737
1800000,500000,0.70,403.15,478.3812,2.77874,42.0933,439.0787,39.3146,0.08218
1800000,500000,0.75,403.15,478.3812,2.77874,45.1000,436.0721,42.3213,0.08847
1800000,500000,0.80,403.15,478.3812,2.77874,48.1067,433.0654,45.3279,0.09475
1800000,500000,0.85,403.15,478.3812,2.77874,51.1133,430.0587,48.3346,0.10104
1800000,500000,0.90,403.15,478.3812,2.77874,54.1200,427.0521,51.3413,0.10732
1800000,550000,0.70,403.15,478.3812,2.77874,38.9188,442.2473,36.1400,0.07555
1800000,550000,0.75,403.15,478.3812,2.77874,41.6987,439.4674,38.9199,0.08136
1800000,550000,0.80,403.15,478.3812,2.77874,44.4786,436.6875,41.6999,0.08717
1800000,550000,0.85,403.15,478.3812,2.77874,47.2585,433.9076,44.4798,0.09298
1800000,550000,0.90,403.15,478.3812,2.77874,50.0384,431.1277,47.2597,0.09879
1800000,600000,0.70,403.15,478.3812,2.77874,36.0186,445.1413,33.2399,0.06948
1800000,600000,0.75,403.15,478.3812,2.77874,38.5914,442.5685,35.8126,0.07486
1800000,600000,0.80,403.15,478.3812,2.77874,41.1641,439.9958,38.3854,0.08024
1800000,600000,0.85,403.15,478.3812,2.77874,43.7369,437.4230,40.9582,0.08562
1800000,600000,0.90,403.15,478.3812,2.77874,46.3097,434.8503,43.5309,0.09100
1800000,650000,0.70,403.15,478.3812,2.77874,33.3503,447.8032,30.5716,0.06391
1800000,650000,0.75,403.15,478.3812,2.77874,35.7325,445.4211,32.9537,0.06889
1800000,650000,0.80,403.15,478.3812,2.77874,38.1146,443.0389,35.3359,0.07387
1800000,650000,0.85,403.15,478.3812,2.77874,40.4968,440.6567,37.7180,0.07885
1800000,650000,0.90,403.15,478.3812,2.77874,42.8789,438.2746,40.1002,0.08382
1800000,700000,0.70,403.15,478.3812,2.77874,30.8805,450.2664,28.1018,0.05874
1800000,700000,0.75,403.15,478.3812,2.77874,33.0862,448.0607,30.3075,0.06335
1800000,700000,0.80,403.15,478.3812,2.77874,35.2920,445.8549,32.5133,0.06797
1800000,700000,0.85,403.15,478.3812,2.77874,37.4977,443.6492,34.7190,0.07258
1800000,700000,0.90,403.15,478.3812,2.77874,39.7035,441.4434,36.9247,0.07719
1800000,500000,0.70,413.15,502.5973,2.77874,43.8443,461.5439,41.0656,0.08171
1800000,500000,0.75,413.15,502.5973,2.77874,46.9760,458.4121,44.1973,0.08794
1800000,500000,0.80,413.15,502.5973,2.77874,50.1078,455.2804,47.3290,0.09417
1800000,500000,0.85,413.15,502.5973,2.77874,53.2395,452.1487,50.4608,0.10040
1800000,500000,0.90,413.15,502.5973,2.77874,56.3713,449.0169,53.5925,0.10663
1800000,550000,0.70,413.15,502.5973,2.77874,40.5529,464.8293,37.7742,0.07516
1800000,550000,0.75,413.15,502.5973,2.77874,43.4495,461.9327,40.6708,0.08092
1800000,550000,0.80,413.15,502.5973,2.77874,46.3462,459.0360,43.5674,0.08668
1800000,550000,0.85,413.15,502.5973,2.77874,49.2428,456.1394,46.4641,0.09245
1800000,550000,0.90,413.15,502.5973,2.77874,52.1394,453.2428,49.3607,0.09821
1800000,600000,0.70,413.15,502.5973,2.77874,37.5448,467.8312,34.7661,0.06917
1800000,600000,0.75,413.15,502.5973,2.77874,40.2266,465.1494,37.4478,0.07451
1800000,600000,0.80,413.15,502.5973,2.77874,42.9084,462.4677,40.1296,0.07984
1800000,600000,0.85,413.15,502.5973,2.77874,45.5901,459.7859,42.8114,0.08518
1800000,600000,0.90,413.15,502.5973,2.77874,48.2719,457.1041,45.4932,0.09052
1800000,650000,0.70,413.15,502.5973,2.77874,34.7760,470.5936,31.9973,0.06366
1800000,650000,0.75,413.15,502.5973,2.77874,37.2600,468.1096,34.4813,0.06861
1800000,650000,0.80,413.15,502.5973,2.77874,39.7440,465.6256,36.9653,0.07355
1800000,650000,0.85,413.15,502.5973,2.77874,42.2280,463.1416,39.4493,0.07849
1800000,650000,0.90,413.15,502.5973,2.77874,44.7121,460.6576,41.9333,0.08343
1800000,700000,0.70,413.15,502.5973,2.77874,32.2122,473.1509,29.4334,0.05856
1800000,700000,0.75,413.15,502.5973,2.77874,34.5131,470.8500,31.7343,0.06314
1800000,700000,0.80,413.15,502.5973,2.77874,36.8139,468.5491,34.0352,0.06772
1800000,700000,0.85,413.15,502.5973,2.77874,39.1148,466.2482,36.3361,0.07230
1800000,700000,0.90,413.15,502.5973,2.77874,41.4157,463.9474,38.6369,0.07687
2000000,500000,0.70,383.15,422.2569,3.24186,40.2807,385.2302,37.0388,0.08772
2000000,500000,0.75,383.15,422.2569,3.24186,43.1579,382.3530,39.9160,0.09453
2000000,500000,0.80,383.15,422.2569,3.24186,46.0351,379.4758,42.7932,0.10134
2000000,500000,0.85,383.15,422.2569,3.24186,48.9123,376.5986,45.6704,0.10816
2000000,500000,0.90,383.15,422.2569,3.24186,51.7895,373.7214,48.5476,0.11497
2000000,550000,0.70,383.15,422.2569,3.24186,37.4096,388.0954,34.1677,0.08092
2000000,550000,0.75,383.15,422.2569,3.24186,40.0817,385.4232,36.8398,0.08725
2000000,550000,0.80,383.15,422.2569,3.24186,42.7538,382.7511,39.5119,0.09357
2000000,550000,0.85,383.15,422.2569,3.24186,45.4259,380.0790,42.1840,0.09990
2000000,550000,0.90,383.15,422.2569,3.24186,48.0980,377.4069,44.8562,0.10623
2000000,600000,0.70,383.15,422.2569,3.24186,34.7902,390.7086,31.5483,0.07471
2000000,600000,0.75,383.15,422.2569,3.24186,37.2752,388.2236,34.0333,0.08060
2000000,600000,0.80,383.15,422.2569,3.24186,39.7602,385.7386,36.5183,0.08648
2000000,600000,0.85,383.15,422.2569,3.24186,42.2452,383.2536,39.0033,0.09237
2000000,600000,0.90,383.15,422.2569,3.24186,44.7302,380.7685,41.4883,0.09825
2000000,650000,0.70,383.15,422.2569,3.24186,32.3835,393.1088,29.1417,0.06901
2000000,650000,0.75,383.15,422.2569,3.24186,34.6966,390.7957,31.4548,0.07449
2000000,650000,0.80,383.15,422.2569,3.24186,37.0097,388.4826,33.7679,0.07997
2000000,650000,0.85,383.15,422.2569,3.24186,39.3228,386.1695,36.0810,0.08545
2000000,650000,0.90,383.15,422.2569,3.24186,41.6360,383.8564,38.3941,0.09093
2000000,700000,0.70,383.15,422.2569,3.24186,30.1592,395.3266,26.9173,0.06375
2000000,700000,0.75,383.15,422.2569,3.24186,32.3134,393.1723,29.0715,0.06885
2000000,700000,0.80,383.15,422.2569,3.24186,34.4676,391.0181,31.2258,0.07395
2000000,700000,0.85,383.15,422.2569,3.24186,36.6219,388.8639,33.3800,0.07905
2000000,700000,0.90,383.15,422.2569,3.24186,38.7761,386.7097,35.5342,0.08415
2000000,500000,0.70,393.15,447.4143,3.24186,42.4803,408.1881,39.2384,0.08770
2000000,500000,0.75,393.15,447.4143,3.24186,45.5146,405.1538,42.2727,0.09448
2000000,500000,0.80,393.15,447.4143,3.24186,48.5489,402.1194,45.3071,0.10126
2000000,500000,0.85,393.15,447.4143,3.24186,51.5832,399.0851,48.3414,0.10805
2000000,500000,0.90,393.15,447.4143,3.24186,54.6175,396.0508,51.3757,0.11483
2000000,550000,0.70,393.15,447.4143,3.24186,39.4799,411.1825,36.2381,0.08099
2000000,550000,0.75,393.15,447.4143,3.24186,42.2999,408.3625,39.0581,0.08730
2000000,550000,0.80,393.15,447.4143,3.24186,45.1199,405.5425,41.8781,0.09360
2000000,550000,0.85,393.15,447.4143,3.24186,47.9399,402.7225,44.6980,0.09990
2000000,550000,0.90,393.15,447.4143,3.24186,50.7599,399.9025,47.5180,0.10621
2000000,600000,0.70,393.15,447.4143,3.24186,36.7408,413.9154,33.4990,0.07487
2000000,600000,0.75,393.15,447.4143,3.24186,39.3652,411.2910,36.1233,0.08074
2000000,600000,0.80,393.15,447.4143,3.24186,41.9895,408.6667,38.7477,0.08660
2000000,600000,0.85,393.15,447.4143,3.24186,44.6139,406.0423,41.3720,0.09247
2000000,600000,0.90,393.15,447.4143,3.24186,47.2382,403.4180,43.9963,0.09833
2000000,650000,0.70,393.15,447.4143,3.24186,34.2225,416.4273,30.9807,0.06924
2000000,650000,0.75,393.15,447.4143,3.24186,36.6670,413.9828,33.4252,0.07471
2000000,650000,0.80,393.15,447.4143,3.24186,39.1115,411.5383,35.8696,0.08017
2000000,650000,0.85,393.15,447.4143,3.24186,41.5559,409.0939,38.3141,0.08563
2000000,650000,0.90,393.15,447.4143,3.24186,44.0004,406.6494,40.7586,0.09110
2000000,700000,0.70,393.15,447.4143,3.24186,31.8934,418.7498,28.6515,0.06404
2000000,700000,0.75,393.15,447.4143,3.24186,34.1715,416.4717,30.9296,0.06913
2000000,700000,0.80,393.15,447.4143,3.24186,36.4496,414.1936,33.2077,0.07422
2000000,700000,0.85,393.15,447.4143,3.24186,38.7277,411.9155,35.4858,0.07931
2000000,700000,0.90,393.15,447.4143,3.24186,41.0058,409.6374,37.7639,0.08440
2000000,500000,0.70,403.15,472.2556,3.24186,44.5502,430.9594,41.3084,0.08747
2000000,500000,0.75,403.15,472.2556,3.24186,47.7324,427.7773,44.4905,0.09421
2000000,500000,0.80,403.15,472.2556,3.24186,50.9146,424.5951,47.6727,0.10095
2000000,500000,0.85,403.15,472.2556,3.24186,54.0967,421.4130,50.8548,0.10769
2000000,500000,0.90,403.15,472.2556,3.24186,57.2789,418.2308,54.0370,0.11442
2000000,550000,0.70,403.15,472.2556,3.24186,41.4262,434.0775,38.1843,0.08086
2000000,550000,0.75,403.15,472.2556,3.24186,44.3852,431.1185,41.1434,0.08712
2000000,550000,0.80,403.15,472.2556,3.24186,47.3442,428.1595,44.1024,0.09339
2000000,550000,0.85,403.15,472.2556,3.24186,50.3033,425.2004,47.0614,0.09965
2000000,550000,0.90,403.15,472.2556,3.24186,53.2623,422.2414,50.0204,0.10592
2000000,600000,0.70,403.15,472.2556,3.24186,38.5728,436.9248,35.3309,0.07481
2000000,600000,0.75,403.15,472.2556,3.24186,41.3280,434.1696,38.0861,0.08065
2000000,600000,0.80,403.15,472.2556,3.24186,44.0832,431.4144,40.8413,0.08648
2000000,600000,0.85,403.15,472.2556,3.24186,46.8383,428.6592,43.5965,0.09232
2000000,600000,0.90,403.15,472.2556,3.24186,49.5935,425.9040,46.3517,0.09815
2000000,650000,0.70,403.15,472.2556,3.24186,35.9479,439.5432,32.7061,0.06925
2000000,650000,0.75,403.15,472.2556,3.24186,38.5156,436.9755,35.2738,0.07469
2000000,650000,0.80,403.15,472.2556,3.24186,41.0833,434.4078,37.8415,0.08013
2000000,650000,0.85,403.15,472.2556,3.24186,43.6510,431.8401,40.4092,0.08557
2000000,650000,0.90,403.15,472.2556,3.24186,46.2187,429.2724,42.9769,0.09100
2000000,700000,0.70,403.15,472.2556,3.24186,33.5189,441.9657,30.2770,0.06411
2000000,700000,0.75,403.15,472.2556,3.24186,35.9131,439.5715,32.6712,0.06918
2000000,700000,0.80,403.15,472.2556,3.24186,38.3073,437.1773,35.0654,0.07425
2000000,700000,0.85,403.15,472.2556,3.24186,40.7015,434.7831,37.4596,0.07932
2000000,700000,0.90,403.15,472.2556,3.24186,43.0957,432.3888,39.8538,0.08439
2000000,500000,0.70,413.15,497.0056,3.24186,46.5271,453.7325,43.2852,0.08709
2000000,500000,0.75,413.15,497.0056,3.24186,49.8505,450.4091,46.6086,0.09378
2000000,500000,0.80,413.15,497.0056,3.24186,53.1738,447.0858,49.9320,0.10047
2000000,500000,0.85,413.15,497.0056,3.24186,56.4972,443.7624,53.2553,0.10715
2000000,500000,0.90,413.15,497.0056,3.24186,59.8206,440.4391,56.5787,0.11384
2000000,550000,0.70,413.15,497.0056,3.24186,43.2835,456.9702,40.0416,0.08057
2000000,550000,0.75,413.15,497.0056,3.24186,46.3751,453.8785,43.1333,0.08679
2000000,550000,0.80,413.15,497.0056,3.24186,49.4668,450.7868,46.2249,0.09301
2000000,550000,0.85,413.15,497.0056,3.24186,52.5585,447.6952,49.3166,0.09923
2000000,550000,0.90,413.15,497.0056,3.24186,55.6502,444.6035,52.4083,0.10545
2000000,600000,0.70,413.15,497.0056,3.24186,40.3195,459.9280,37.0776,0.07460
2000000,600000,0.75,413.15,497.0056,3.24186,43.1994,457.0480,39.9576,0.08040
2000000,600000,0.80,413.15,497.0056,3.24186,46.0794,454.1680,42.8375,0.08619
2000000,600000,0.85,413.15,497.0056,3.24186,48.9594,451.2881,45.7175,0.09199
2000000,600000,0.90,413.15,497.0056,3.24186,51.8393,448.4081,48.5975,0.09778
2000000,650000,0.70,413.15,497.0056,3.24186,37.5918,462.6493,34.3499,0.06911
2000000,650000,0.75,413.15,497.0056,3.24186,40.2769,459.9642,37.0350,0.07452
2000000,650000,0.80,413.15,497.0056,3.24186,42.9620,457.2791,39.7201,0.07992
2000000,650000,0.85,413.15,497.0056,3.24186,45.6471,454.5939,42.4053,0.08532
2000000,650000,0.90,413.15,497.0056,3.24186,48.3323,451.9088,45.0904,0.09072
2000000,700000,0.70,413.15,497.0056,3.24186,35.0663,465.1682,31.8245,0.06403
2000000,700000,0.75,413.15,497.0056,3.24186,37.5711,462.6634,34.3292,0.06907
2000000,700000,0.80,413.15,497.0056,3.24186,40.0758,460.1587,36.8339,0.07411
2000000,700000,0.85,413.15,497.0056,3.24186,42.5805,457.6539,39.3387,0.07915
2000000,700000,0.90,413.15,497.0056,3.24186,45.0853,455.1492,41.8434,0.08419
2200000,500000,0.70,383.15,413.3368,3.70499,41.5925,375.4615,37.8875,0.09166
2200000,500000,0.75,383.15,413.3368,3.70499,44.5634,372.4906,40.8584,0.09885
2200000,500000,0.80,383.15,413.3368,3.70499,47.5343,369.5197,43.8293,0.10604
2200000,500000,0.85,383.15,413.3368,3.70499,50.5052,366.5488,46.8002,0.11323
2200000,500000,0.90,383.15,413.3368,3.70499,53.4761,363.5779,49.7711,0.12041
2200000,550000,0.70,383.15,413.3368,3.70499,38.7839,378.2641,35.0790,0.08487
2200000,550000,0.75,383.15,413.3368,3.70499,41.5542,375.4938,37.8492,0.09157
2200000,550000,0.80,383.15,413.3368,3.70499,44.3245,372.7235,40.6195,0.09827
2200000,550000,0.85,383.15,413.3368,3.70499,47.0948,369.9532,43.3898,0.10497
2200000,550000,0.90,383.15,413.3368,3.70499,49.8651,367.1829,46.1601,0.11168
2200000,600000,0.70,383.15,413.3368,3.70499,36.2225,380.8193,32.5175,0.07867
2200000,600000,0.75,383.15,413.3368,3.70499,38.8098,378.2320,35.1048,0.08493
2200000,600000,0.80,383.15,413.3368,3.70499,41.3971,375.6447,37.6922,0.09119
2200000,600000,0.85,383.15,413.3368,3.70499,43.9845,373.0574,40.2795,0.09745
2200000,600000,0.90,383.15,413.3368,3.70499,46.5718,370.4700,42.8668,0.10371
2200000,650000,0.70,383.15,413.3368,3.70499,33.8700,383.1655,30.1650,0.07298
2200000,650000,0.75,383.15,413.3368,3.70499,36.2893,380.7462,32.5843,0.07883
2200000,650000,0.80,383.15,413.3368,3.70499,38.7086,378.3269,35.0036,0.08469
2200000,650000,0.85,383.15,413.3368,3.70499,41.1278,375.9076,37.4229,0.09054
2200000,650000,0.90,383.15,413.3368,3.70499,43.5471,373.4883,39.8421,0.09639
2200000,700000,0.70,383.15,413.3368,3.70499,31.6965,385.3323,27.9915,0.06772
2200000,700000,0.75,383.15,413.3368,3.70499,33.9605,383.0683,30.2556,0.07320
2200000,700000,0.80,383.15,413.3368,3.70499,36.2246,380.8043,32.5196,0.07868
2200000,700000,0.85,383.15,413.3368,3.70499,38.4886,378.5402,34.7836,0.08415
2200000,700000,0.90,383.15,413.3368,3.70499,40.7527,376.2762,37.0477,0.08963
2200000,500000,0.70,393.15,439.9183,3.70499,44.1589,399.4765,40.4540,0.09196
2200000,500000,0.75,393.15,439.9183,3.70499,47.3132,396.3223,43.6082,0.09913
2200000,500000,0.80,393.15,439.9183,3.70499,50.4674,393.1681,46.7624,0.10630
2200000,500000,0.85,393.15,439.9183,3.70499,53.6216,390.0139,49.9166,0.11347
2200000,500000,0.90,393.15,439.9183,3.70499,56.7758,386.8597,53.0708,0.12064
2200000,550000,0.70,393.15,439.9183,3.70499,41.2133,402.4162,37.5083,0.08526
2200000,550000,0.75,393.15,439.9183,3.70499,44.1571,399.4724,40.4521,0.09195
2200000,550000,0.80,393.15,439.9183,3.70499,47.1009,396.5286,43.3959,0.09865
2200000,550000,0.85,393.15,439.9183,3.70499,50.0447,393.5848,46.3397,0.10534
2200000,550000,0.90,393.15,439.9183,3.70499,52.9885,390.6410,49.2836,0.11203
2200000,600000,0.70,393.15,439.9183,3.70499,38.5249,405.0984,34.8199,0.07915
2200000,600000,0.75,393.15,439.9183,3.70499,41.2767,402.3467,37.5717,0.08541
2200000,600000,0.80,393.15,439.9183,3.70499,44.0284,399.5949,40.3234,0.09166
2200000,600000,0.85,393.15,439.9183,3.70499,46.7802,396.8431,43.0752,0.09792
2200000,600000,0.90,393.15,439.9183,3.70499,49.5320,394.0913,45.8270,0.10417
2200000,650000,0.70,393.15,439.9183,3.70499,36.0538,407.5631,32.3489,0.07353
2200000,650000,0.75,393.15,439.9183,3.70499,38.6291,404.9878,34.9241,0.07939
2200000,650000,0.80,393.15,439.9183,3.70499,41.2044,402.4125,37.4994,0.08524
2200000,650000,0.85,393.15,439.9183,3.70499,43.7797,399.8373,40.0747,0.09110
2200000,650000,0.90,393.15,439.9183,3.70499,46.3549,397.2620,42.6499,0.09695
2200000,700000,0.70,393.15,439.9183,3.70499,33.7690,409.8413,30.0640,0.06834
2200000,700000,0.75,393.15,439.9183,3.70499,36.1811,407.4292,32.4761,0.07382
2200000,700000,0.80,393.15,439.9183,3.70499,38.5932,405.0172,34.8882,0.07931
2200000,700000,0.85,393.15,439.9183,3.70499,41.0052,402.6051,37.3003,0.08479
2200000,700000,0.90,393.15,439.9183,3.70499,43.4173,400.1930,39.7123,0.09027
2200000,500000,0.70,403.15,465.6848,3.70499,46.5142,422.8877,42.8092,0.09193
2200000,500000,0.75,403.15,465.6848,3.70499,49.8367,419.5653,46.1317,0.09906
2200000,500000,0.80,403.15,465.6848,3.70499,53.1591,416.2428,49.4541,0.10620
2200000,500000,0.85,403.15,465.6848,3.70499,56.4816,412.9204,52.7766,0.11333
2200000,500000,0.90,403.15,465.6848,3.70499,59.8040,409.5980,56.0990,0.12047
2200000,550000,0.70,403.15,465.6848,3.70499,43.4400,425.9560,39.7350,0.08533
2200000,550000,0.75,403.15,465.6848,3.70499,46.5429,422.8531,42.8379,0.09199
2200000,550000,0.80,403.15,465.6848,3.70499,49.6457,419.7503,45.9408,0.09865
2200000,550000,0.85,403.15,465.6848,3.70499,52.7486,416.6474,49.0436,0.10532
2200000,550000,0.90,403.15,465.6848,3.70499,55.8515,413.5445,52.1465,0.11198
2200000,600000,0.70,403.15,465.6848,3.70499,40.6326,428.7572,36.9277,0.07930
2200000,600000,0.75,403.15,465.6848,3.70499,43.5350,425.8548,39.8300,0.08553
2200000,600000,0.80,403.15,465.6848,3.70499,46.4373,422.9525,42.7323,0.09176
2200000,600000,0.85,403.15,465.6848,3.70499,49.3396,420.0502,45.6346,0.09799
2200000,600000,0.90,403.15,465.6848,3.70499,52.2420,417.1479,48.5370,0.10423
2200000,650000,0.70,403.15,465.6848,3.70499,38.0507,431.3327,34.3457,0.07375
2200000,650000,0.75,403.15,465.6848,3.70499,40.7686,428.6148,37.0636,0.07959
2200000,650000,0.80,403.15,465.6848,3.70499,43.4865,425.8969,39.7815,0.08543
2200000,650000,0.85,403.15,465.6848,3.70499,46.2044,423.1790,42.4994,0.09126
2200000,650000,0.90,403.15,465.6848,3.70499,48.9223,420.4611,45.2173,0.09710
2200000,700000,0.70,403.15,465.6848,3.70499,35.6619,433.7150,31.9569,0.06862
2200000,700000,0.75,403.15,465.6848,3.70499,38.2091,431.1677,34.5042,0.07409
2200000,700000,0.80,403.15,465.6848,3.70499,40.7564,428.6204,37.0514,0.07956
2200000,700000,0.85,403.15,465.6848,3.70499,43.3037,426.0731,39.5987,0.08503
2200000,700000,0.90,403.15,465.6848,3.70499,45.8510,423.5259,42.1460,0.09050
2200000,500000,0.70,413.15,491.1016,3.70499,48.7315,446.0872,45.0266,0.09168
2200000,500000,0.75,413.15,491.1016,3.70499,52.2124,442.6064,48.5074,0.09877
2200000,500000,0.80,413.15,491.1016,3.70499,55.6932,439.1255,51.9882,0.10586
2200000,500000,0.85,413.15,491.1016,3.70499,59.1740,435.6447,55.4690,0.11295
2200000,500000,0.90,413.15,491.1016,3.70499,62.6548,432.1639,58.9499,0.12004
2200000,550000,0.70,413.15,491.1016,3.70499,45.5343,449.2785,41.8293,0.08517
2200000,550000,0.75,413.15,491.1016,3.70499,48.7867,446.0260,45.0817,0.09180
2200000,550000,0.80,413.15,491.1016,3.70499,52.0392,442.7736,48.3342,0.09842
2200000,550000,0.85,413.15,491.1016,3.70499,55.2916,439.5211,51.5866,0.10504
2200000,550000,0.90,413.15,491.1016,3.70499,58.5441,436.2687,54.8391,0.11167
2200000,600000,0.70,413.15,491.1016,3.70499,42.6132,452.1934,38.9082,0.07923
2200000,600000,0.75,413.15,491.1016,3.70499,45.6570,449.1496,41.9520,0.08542
2200000,600000,0.80,413.15,491.1016,3.70499,48.7008,446.1058,44.9958,0.09162
2200000,600000,0.85,413.15,491.1016,3.70499,51.7445,443.0620,48.0396,0.09782
2200000,600000,0.90,413.15,491.1016,3.70499,54.7883,440.0182,51.0834,0.10402
2200000,650000,0.70,413.15,491.1016,3.70499,39.9253,454.8749,36.2203,0.07375
2200000,650000,0.75,413.15,491.1016,3.70499,42.7771,452.0231,39.0721,0.07956
2200000,650000,0.80,413.15,491.1016,3.70499,45.6289,449.1713,41.9239,0.08537
2200000,650000,0.85,413.15,491.1016,3.70499,48.4807,446.3194,44.7757,0.09117
2200000,650000,0.90,413.15,491.1016,3.70499,51.3325,443.4676,47.6276,0.09698
2200000,700000,0.70,413.15,491.1016,3.70499,37.4372,457.3564,33.7322,0.06869
2200000,700000,0.75,413.15,491.1016,3.70499,40.1113,454.6823,36.4063,0.07413
2200000,700000,0.80,413.15,491.1016,3.70499,42.7854,452.0082,39.0804,0.07958
2200000,700000,0.85,413.15,491.1016,3.70499,45.4595,449.3341,41.7545,0.08502
2200000,700000,0.90,413.15,491.1016,3.70499,48.1336,446.6600,44.4286,0.09047
2400000,500000,0.70,393.15,431.4762,4.16811,45.3387,390.3178,41.1706,0.09542
2400000,500000,0.75,393.15,431.4762,4.16811,48.5771,387.0793,44.4090,0.10292
2400000,500000,0.80,393.15,431.4762,4.16811,51.8156,383.8408,47.6475,0.11043
2400000,500000,0.85,393.15,431.4762,4.16811,55.0541,380.6023,50.8860,0.11793
2400000,500000,0.90,393.15,431.4762,4.16811,58.2926,377.3639,54.1245,0.12544
2400000,550000,0.70,393.15,431.4762,4.16811,42.4501,393.2004,38.2820,0.08872
2400000,550000,0.75,393.15,431.4762,4.16811,45.4822,390.1682,41.3141,0.09575
2400000,550000,0.80,393.15,431.4762,4.16811,48.5144,387.1361,44.3463,0.10278
2400000,550000,0.85,393.15,431.4762,4.16811,51.5465,384.1039,47.3784,0.10981
2400000,550000,0.90,393.15,431.4762,4.16811,54.5787,381.0718,50.4106,0.11683
2400000,600000,0.70,393.15,431.4762,4.16811,39.8145,395.8297,35.6464,0.08262
2400000,600000,0.75,393.15,431.4762,4.16811,42.6584,392.9859,38.4903,0.08921
2400000,600000,0.80,393.15,431.4762,4.16811,45.5023,390.1420,41.3342,0.09580
2400000,600000,0.85,393.15,431.4762,4.16811,48.3462,387.2981,44.1781,0.10239
2400000,600000,0.90,393.15,431.4762,4.16811,51.1901,384.4542,47.0220,0.10898
2400000,650000,0.70,393.15,431.4762,4.16811,37.3928,398.2451,33.2247,0.07700
2400000,650000,0.75,393.15,431.4762,4.16811,40.0637,395.5742,35.8956,0.08319
2400000,650000,0.80,393.15,431.4762,4.16811,42.7346,392.9033,38.5665,0.08938
2400000,650000,0.85,393.15,431.4762,4.16811,45.4055,390.2323,41.2374,0.09557
2400000,650000,0.90,393.15,431.4762,4.16811,48.0765,387.5614,43.9083,0.10176
2400000,700000,0.70,393.15,431.4762,4.16811,35.1543,400.4770,30.9862,0.07181
2400000,700000,0.75,393.15,431.4762,4.16811,37.6653,397.9660,33.4972,0.07763
2400000,700000,0.80,393.15,431.4762,4.16811,40.1763,395.4550,36.0082,0.08345
2400000,700000,0.85,393.15,431.4762,4.16811,42.6873,392.9439,38.5192,0.08927
2400000,700000,0.90,393.15,431.4762,4.16811,45.1984,390.4329,41.0303,0.09509
2400000,500000,0.70,403.15,458.5469,4.16811,48.0358,414.6913,43.8677,0.09567
2400000,500000,0.75,403.15,458.5469,4.16811,51.4670,411.2602,47.2988,0.10315
2400000,500000,0.80,403.15,458.5469,4.16811,54.8981,407.8291,50.7300,0.11063
2400000,500000,0.85,403.15,458.5469,4.16811,58.3292,404.3979,54.1611,0.11811
2400000,500000,0.90,403.15,458.5469,4.16811,61.7603,400.9668,57.5922,0.12560
2400000,550000,0.70,403.15,458.5469,4.16811,45.0118,417.7094,40.8437,0.08907
2400000,550000,0.75,403.15,458.5469,4.16811,48.2269,414.4942,44.0588,0.09608
2400000,550000,0.80,403.15,458.5469,4.16811,51.4421,411.2791,47.2740,0.10310
2400000,550000,0.85,403.15,458.5469,4.16811,54.6572,408.0640,50.4891,0.11011
2400000,550000,0.90,403.15,458.5469,4.16811,57.8723,404.8489,53.7042,0.11712
2400000,600000,0.70,403.15,458.5469,4.16811,42.2508,420.4642,38.0827,0.08305
2400000,600000,0.75,403.15,458.5469,4.16811,45.2688,417.4462,41.1006,0.08963
2400000,600000,0.80,403.15,458.5469,4.16811,48.2867,414.4283,44.1186,0.09621
2400000,600000,0.85,403.15,458.5469,4.16811,51.3046,411.4104,47.1365,0.10280
2400000,600000,0.90,403.15,458.5469,4.16811,54.3225,408.3925,50.1544,0.10938
2400000,650000,0.70,403.15,458.5469,4.16811,39.7122,422.9964,35.5441,0.07751
2400000,650000,0.75,403.15,458.5469,4.16811,42.5487,420.1599,38.3806,0.08370
2400000,650000,0.80,403.15,458.5469,4.16811,45.3853,417.3233,41.2172,0.08989
2400000,650000,0.85,403.15,458.5469,4.16811,48.2219,414.4867,44.0538,0.09607
2400000,650000,0.90,403.15,458.5469,4.16811,51.0585,411.6501,46.8904,0.10226
2400000,700000,0.70,403.15,458.5469,4.16811,37.3639,425.3381,33.1958,0.07239
2400000,700000,0.75,403.15,458.5469,4.16811,40.0327,422.6693,35.8646,0.07821
2400000,700000,0.80,403.15,458.5469,4.16811,42.7016,420.0004,38.5335,0.08403
2400000,700000,0.85,403.15,458.5469,4.16811,45.3704,417.3316,41.2023,0.08985
2400000,700000,0.90,403.15,458.5469,4.16811,48.0393,414.6627,43.8712,0.09567
2400000,500000,0.70,413.15,484.8227,4.16811,50.5200,438.4830,46.3519,0.09561
2400000,500000,0.75,413.15,484.8227,4.16811,54.1285,434.8745,49.9604,0.10305
2400000,500000,0.80,413.15,484.8227,4.16811,57.7371,431.2659,53.5690,0.11049
2400000,500000,0.85,413.15,484.8227,4.16811,61.3457,427.6573,57.1776,0.11794
2400000,500000,0.90,413.15,484.8227,4.16811,64.9543,424.0487,60.7861,0.12538
2400000,550000,0.70,413.15,484.8227,4.16811,47.3685,441.6285,43.2004,0.08911
2400000,550000,0.75,413.15,484.8227,4.16811,50.7520,438.2451,46.5839,0.09608
2400000,550000,0.80,413.15,484.8227,4.16811,54.1354,434.8616,49.9673,0.10306
2400000,550000,0.85,413.15,484.8227,4.16811,57.5189,431.4781,53.3508,0.11004
2400000,550000,0.90,413.15,484.8227,4.16811,60.9024,428.0947,56.7343,0.11702
2400000,600000,0.70,413.15,484.8227,4.16811,44.4897,444.5012,40.3216,0.08317
2400000,600000,0.75,413.15,484.8227,4.16811,47.6675,441.3233,43.4994,0.08972
2400000,600000,0.80,413.15,484.8227,4.16811,50.8454,438.1455,46.6772,0.09628
2400000,600000,0.85,413.15,484.8227,4.16811,54.0232,434.9677,49.8551,0.10283
2400000,600000,0.90,413.15,484.8227,4.16811,57.2010,431.7898,53.0329,0.10939
2400000,650000,0.70,413.15,484.8227,4.16811,41.8412,447.1432,37.6731,0.07770
2400000,650000,0.75,413.15,484.8227,4.16811,44.8299,444.1546,40.6618,0.08387
2400000,650000,0.80,413.15,484.8227,4.16811,47.8185,441.1659,43.6504,0.09003
2400000,650000,0.85,413.15,484.8227,4.16811,50.8072,438.1773,46.6391,0.09620
2400000,650000,0.90,413.15,484.8227,4.16811,53.7959,435.1886,49.6278,0.10236
2400000,700000,0.70,413.15,484.8227,4.16811,39.3900,449.5878,35.2219,0.07265
2400000,700000,0.75,413.15,484.8227,4.16811,42.2036,446.7743,38.0355,0.07845
2400000,700000,0.80,413.15,484.8227,4.16811,45.0172,443.9607,40.8491,0.08426
2400000,700000,0.85,413.15,484.8227,4.16811,47.8308,441.1471,43.6626,0.09006
2400000,700000,0.90,413.15,484.8227,4.16811,50.6443,438.3335,46.4762,0.09586
